{
  "project_info": {
    "project_number": "266298713214",
    "project_id": "school-driver-tcc",
    "storage_bucket": "school-driver-tcc.appspot.com"
  },
  "client": [
    {
      "client_info": {
        "mobilesdk_app_id": "1:266298713214:android:724574f006af0941c2a42f",
        "android_client_info": {
          "package_name": "com.example.schooldrivertcc"
        }
      },
      "oauth_client": [],
      "api_key": [
        {
          "current_key": "AIzaSyBDxMBg0_2rHFUbQpnCmClyXQaghCGRIa8"
        }
      ],
      "services": {
        "appinvite_service": {
          "other_platform_oauth_client": []
        }
      }
    }
  ],
  "configuration_version": "1"
}